{
  "confusion_matrix": [
    [
      9322,
      4877,
      3083
    ],
    [
      712,
      827,
      2003
    ],
    [
      802,
      5599,
      55030
    ]
  ],
  "labels": [
    "Negative",
    "Neutral",
    "Positive"
  ],
  "accuracy": 0.7924016777095617,
  "match_rate": 0.7924016777095617,
  "classification_report": {
    "Negative": {
      "precision": 0.860280546327058,
      "recall": 0.5394051614396482,
      "f1-score": 0.6630628067430115,
      "support": 17282.0
    },
    "Neutral": {
      "precision": 0.07316641599575334,
      "recall": 0.23348390739695088,
      "f1-score": 0.11141798585382283,
      "support": 3542.0
    },
    "Positive": {
      "precision": 0.915396899327966,
      "recall": 0.8958017938825674,
      "f1-score": 0.9054933482521165,
      "support": 61431.0
    },
    "accuracy": 0.7924016777095617,
    "macro avg": {
      "precision": 0.6162812872169258,
      "recall": 0.5562302875730555,
      "f1-score": 0.5599913802829836,
      "support": 82255.0
    },
    "weighted avg": {
      "precision": 0.8675493376657645,
      "recall": 0.7924016777095617,
      "f1-score": 0.8203641822199592,
      "support": 82255.0
    }
  }
}